{"43": 0.43908225861008693, "44": 0.4354243447280882, "45": 0.4353587983369103, "46": 0.40073937827100775, "47": 0.39635597081406093, "48": 0.39412979276818133, "49": 0.38746349269549674, "50": 0.3866373038127166, "51": 0.3864953066032208, "52": 0.3857439196823524, "53": 0.38548000485969786, "54": 0.38529162499806907}