{"11": 0.4648936129980722, "12": 0.4451547281862492, "13": 0.441753038253297, "14": 0.40705516184276264, "15": 0.40267664659909785, "16": 0.40041932422753235, "17": 0.39371399611496805}