{"0": 0.3920507531423264, "1": 0.3906279297346275, "2": 0.39009638600467245, "3": 0.38855009303713317}