{"0": 1.0479229295551777, "1": 0.8637265486121177, "2": 0.9254069280475378}