{"18": 0.4410362636982902, "19": 0.43768396530768083, "20": 0.43758410103025036, "21": 0.40336736319715505, "22": 0.39882959698764103, "23": 0.39644435159010244, "24": 0.3901289533996603, "25": 0.3894453568450372, "26": 0.38872189310304206, "27": 0.3883959025352341, "28": 0.3880194825361666, "29": 0.3878567268485106}