{"1": 0.7216728043097717, "2": 0.5554380560969259, "3": 0.5025620052775184, "4": 0.4593247265278638, "5": 0.4516298953484703, "6": 0.44737348427156826, "7": 0.44205288400689324, "8": 0.4429465713245528}