{"0": 0.6015956753165842, "1": 0.5008889538433354, "2": 0.466416535066259, "3": 0.44463272185614594, "4": 0.44138702946450087}