{"30": 0.43985515495889843, "31": 0.4373765241391165, "32": 0.435691787691399, "33": 0.40109836505999436, "34": 0.39711543309420266, "35": 0.3948561783496214, "36": 0.3884272771213899, "37": 0.3872874885417334, "38": 0.3869767593022013, "39": 0.38635562959014286, "40": 0.3862221419081718, "41": 0.38626226419306364, "42": 0.38566888712105785}