{"1": 1.9383658170700073, "2": 1.6422048807144165}